"corpus","user/st.schwarz/xriddle_23"
"subcorpus","-"
Item,Frequency (focus),Frequency (reference),Relative frequency (focus),Relative frequency (reference),Score
"gesuchte",5,14877,2606.88208,0.70844,1526.468
"finte",3,11737,1564.12927,0.55892,1003.986
"wegspülen",2,7982,1042.75281,0.38010,756.286
"hineingebären",2,11178,1042.75281,0.53230,681.169
"fundraising-partys",1,2,521.37640,0.00010,522.327
"kajakte",1,12,521.37640,0.00057,522.078
"landedelfrau",1,20,521.37640,0.00095,521.879
"zickzacklauf",1,92,521.37640,0.00438,520.098
"potter-autorin",1,105,521.37640,0.00500,519.777
"konjunkturritter",1,123,521.37640,0.00586,519.335
"schulterfreie",1,126,521.37640,0.00600,519.261
"klobesuch",1,140,521.37640,0.00667,518.917
"stibitzt",1,338,521.37640,0.01610,514.102
"studentengeneration",1,623,521.37640,0.02967,507.325
"kolonialarmee",1,687,521.37640,0.03271,505.828
"weggerannt",1,1072,521.37640,0.05105,497.005
"aristokratin",1,1262,521.37640,0.06010,492.763
"männergesellschaft",1,1548,521.37640,0.07372,486.513
"doktorhut",1,1587,521.37640,0.07557,485.673
"säulenheilige",1,1616,521.37640,0.07695,485.050
"weiterblättern",1,1685,521.37640,0.08024,483.575
"taufregister",1,1755,521.37640,0.08357,482.087
"lädieren",1,2703,521.37640,0.12872,462.806
"bitterarm",1,2827,521.37640,0.13462,460.397
"handelsfirma",1,2909,521.37640,0.13853,458.818
"briefkontakt",1,3384,521.37640,0.16115,449.880
"cocktailkleid",1,3447,521.37640,0.16415,448.721
"vorreiterin",1,3762,521.37640,0.17915,443.012
"landratte",1,4083,521.37640,0.19443,437.343
"küstenland",1,4145,521.37640,0.19738,436.264
"hergekommen",1,4168,521.37640,0.19848,435.866
"ehrenhalb",1,4331,521.37640,0.20624,433.061
"stöckelschuh",1,4781,521.37640,0.22767,425.502
"naheliegen",1,4964,521.37640,0.23639,422.503
"zankapfel",1,5146,521.37640,0.24505,419.562
"verwackeln",1,5182,521.37640,0.24677,418.985
"lavieren",1,5309,521.37640,0.25281,416.962
"meucheln",1,5399,521.37640,0.25710,415.541
"wendehals",1,5799,521.37640,0.27615,409.338
"minnesang",1,5861,521.37640,0.27910,408.393
"marple",1,5885,521.37640,0.28024,408.029
"chuzpe",1,6014,521.37640,0.28639,406.080
"herrscherhaus",1,6963,521.37640,0.33158,392.299
"terrible",1,7040,521.37640,0.33524,391.222
"bestsellerautorin",1,7079,521.37640,0.33710,390.678
"raubritter",1,7411,521.37640,0.35291,386.113
"investigation",1,7653,521.37640,0.36444,382.852
"enfant",1,7722,521.37640,0.36772,381.932
"missetat",1,7850,521.37640,0.37382,380.237
"pionierin",1,8934,521.37640,0.42544,366.468
"vorgezeichnet",1,8960,521.37640,0.42667,366.150
"wetzen",1,9341,521.37640,0.44482,361.552
"zickzack",1,9507,521.37640,0.45272,359.584
"schwächlich",1,11159,521.37640,0.53139,341.112
"nippen",1,12014,521.37640,0.57211,332.278
"niederschmetternd",1,12240,521.37640,0.58287,330.019
"nautisch",1,12729,521.37640,0.60615,325.234
"verdingen",1,12983,521.37640,0.61825,322.803
"dichtkunst",1,13139,521.37640,0.62568,321.328
"übersteigert",1,13829,521.37640,0.65854,314.962
"geißeln",1,14556,521.37640,0.69316,308.522
"flugstunde",1,15801,521.37640,0.75244,298.085
"scharfkantig",1,16387,521.37640,0.78035,293.412
"hochverrat",1,16622,521.37640,0.79154,291.580
"rowling",1,16875,521.37640,0.80359,289.632
"getümmel",1,17099,521.37640,0.81425,287.929
"opportunistisch",1,17947,521.37640,0.85464,281.660
"durchschaubar",1,18828,521.37640,0.89659,275.429
"zähmen",1,19401,521.37640,0.92387,271.523
"abendkleid",1,19677,521.37640,0.93702,269.681
"traumwelt",1,21134,521.37640,1.00640,260.355
"kehrtwende",1,21481,521.37640,1.02292,258.228
"gatte",2,63937,1042.75281,3.04468,258.056
"eigensinnig",1,21524,521.37640,1.02497,257.967
"wahrhaftig",2,64118,1042.75281,3.05330,257.507
"quintessenz",1,21614,521.37640,1.02926,257.422
"einbrennen",1,21649,521.37640,1.03092,257.211
"mitläufer",1,22505,521.37640,1.07169,252.150
"mausoleum",1,23430,521.37640,1.11574,246.901
"firm",1,23716,521.37640,1.12935,245.321
"muttersprachler",1,24752,521.37640,1.17869,239.766
"verarmt",1,25083,521.37640,1.19445,238.044
"familienname",2,71082,1042.75281,3.38492,238.032
"außergewöhnliche",1,25349,521.37640,1.20712,236.678
"schäumen",1,25535,521.37640,1.21598,235.732
"wartezimmer",1,26452,521.37640,1.25964,231.177
"famos",1,26551,521.37640,1.26436,230.695
"zwielichtig",1,26984,521.37640,1.28498,228.613
"dessous",1,28867,521.37640,1.37465,219.981
"driften",1,29020,521.37640,1.38193,219.308
"uneben",1,29278,521.37640,1.39422,218.183
"zeitlebens",1,29927,521.37640,1.42512,215.402
"muße",1,31229,521.37640,1.48712,210.032
"forsch",1,32211,521.37640,1.53389,206.156
"nachwelt",1,33060,521.37640,1.57432,202.919
"blendend",1,33703,521.37640,1.60494,200.533
"länderei",1,34449,521.37640,1.64046,197.835
"wettstreit",1,36052,521.37640,1.71679,192.277
"odyssee",1,37982,521.37640,1.80870,185.985
"raubtier",1,38488,521.37640,1.83280,184.403
"aktivistin",1,41254,521.37640,1.96451,176.210
"weggefährte",1,41281,521.37640,1.96580,176.133
"rudern",1,42368,521.37640,2.01756,173.112
"pfiffig",1,42981,521.37640,2.04675,171.453
"derlei",1,44632,521.37640,2.12537,167.140
"verheißen",1,45640,521.37640,2.17337,164.612
"boulevard",1,46873,521.37640,2.23209,161.622
"aussortieren",1,46878,521.37640,2.23233,161.610
"sandig",1,47333,521.37640,2.25400,160.534
"heimatland",2,118326,1042.75281,5.63468,157.318
"heldin",1,49675,521.37640,2.36552,155.214
"skrupellos",1,50357,521.37640,2.39800,153.731
"gewalttat",1,50735,521.37640,2.41600,152.921
"steckbrief",1,50744,521.37640,2.41643,152.901
"nachmachen",1,51103,521.37640,2.43352,152.140
"symbiose",1,52207,521.37640,2.48610,149.846
"geburtsort",1,52333,521.37640,2.49210,149.588
"bahnbrechend",1,53880,521.37640,2.56576,146.498
"älter",2,130960,1042.75281,6.23631,144.238
"abenteurer",1,59953,521.37640,2.85496,135.508
"kerl",3,224819,1564.12927,10.70587,133.705
"geschäftsmann",1,62318,521.37640,2.96758,131.661
"anstrich",1,66220,521.37640,3.15339,125.771
"rasend",1,68022,521.37640,3.23920,123.225
"beschlagnahmen",1,69721,521.37640,3.32011,120.917
"verschlagen",1,72288,521.37640,3.44235,117.590
"bestrafung",1,74307,521.37640,3.53850,115.099
"hängend",1,74627,521.37640,3.55373,114.714
"krug",1,75344,521.37640,3.58788,113.860
"abrupt",1,77311,521.37640,3.68155,111.582
"clown",1,78485,521.37640,3.73745,110.265
"pflaster",1,78874,521.37640,3.75598,109.836
"versöhnung",1,79566,521.37640,3.78893,109.080
"juwel",1,80721,521.37640,3.84393,107.841
"weltberühmt",1,81162,521.37640,3.86493,107.376
"rausch",1,81706,521.37640,3.89084,106.807
"bahnen",1,81895,521.37640,3.89984,106.611
"stürmisch",1,84910,521.37640,4.04341,103.576
"sprichwort",1,88312,521.37640,4.20541,100.353
"verdrehen",1,89415,521.37640,4.25794,99.350
"pseudonym",1,92842,521.37640,4.42113,96.359
"ausbildungsplatz",1,92897,521.37640,4.42375,96.313
"ausleben",1,94867,521.37640,4.51756,94.675
"maritim",1,95287,521.37640,4.53756,94.333
"akzent",2,212925,1042.75281,10.13948,93.699
"prägend",1,97249,521.37640,4.63099,92.768
"ergattern",1,99324,521.37640,4.72980,91.168
"bescheinigen",1,101707,521.37640,4.84328,89.398
"serienmäßig",1,106838,521.37640,5.08762,85.810
"milieu",1,106845,521.37640,5.08795,85.805
"selbstverständlichkeit",1,107979,521.37640,5.14196,85.051
"schulzeit",1,107983,521.37640,5.14215,85.048
"wohlhabend",1,108357,521.37640,5.15996,84.802
"ferne",2,237920,1042.75281,11.32974,84.653
"zunge",2,239822,1042.75281,11.42031,84.036
"handarbeit",1,113190,521.37640,5.39010,81.748
"häftling",1,113562,521.37640,5.40782,81.522
"aneignen",1,116858,521.37640,5.56477,79.573
"grünen",1,117861,521.37640,5.61254,78.998
"aufschreiben",1,118738,521.37640,5.65430,78.502
"legende",2,260875,1042.75281,12.42286,77.759
"plausibel",1,124034,521.37640,5.90649,75.636
"journalistin",1,125600,521.37640,5.98107,74.828
"poetisch",1,127266,521.37640,6.06040,73.987
"misstrauen",1,129798,521.37640,6.18098,72.744
"unruhig",1,131523,521.37640,6.26312,71.922
"weimarer",1,132450,521.37640,6.30726,71.487
"adel",1,133264,521.37640,6.34603,71.110
"anderswo",1,133789,521.37640,6.37103,70.869
"ausdenken",1,133891,521.37640,6.37588,70.822
"es",1,133974,521.37640,6.37984,70.784
"miss",1,134046,521.37640,6.38327,70.751
"unweit",1,134609,521.37640,6.41008,70.495
"bisweilen",1,138598,521.37640,6.60003,68.733
"rüsten",1,142426,521.37640,6.78232,67.123
"schöpfen",1,147763,521.37640,7.03647,65.001
"belassen",1,151833,521.37640,7.23028,63.470
"heimat",5,868951,2606.88208,41.37941,61.537
"nachlass",1,161319,521.37640,7.68200,60.168
"unsinn",1,162336,521.37640,7.73043,59.834
"erblicken",1,162711,521.37640,7.74829,59.712
"thron",1,163346,521.37640,7.77853,59.506
"innerlich",1,166920,521.37640,7.94872,58.374
"karriere",4,745168,2085.50562,35.48487,57.188
"allerlei",1,176549,521.37640,8.40726,55.529
"roh",1,177273,521.37640,8.44173,55.326
"selbstbewusstsein",1,179291,521.37640,8.53783,54.769
"einheimische",1,179650,521.37640,8.55493,54.671
"herrscher",1,181985,521.37640,8.66612,54.042
"vorgesetzte",1,182090,521.37640,8.67112,54.014
"gefunden",1,182586,521.37640,8.69474,53.882
"tumor",1,183910,521.37640,8.75779,53.534
"geboren",2,391160,1042.75281,18.62702,53.179
"hase",1,187308,521.37640,8.91960,52.661
"metropole",1,190007,521.37640,9.04813,51.987
"schöpfung",1,190738,521.37640,9.08294,51.808
"literarisch",2,407096,1042.75281,19.38589,51.200
"diebstahl",1,197098,521.37640,9.38580,50.297
"kriminell",1,197166,521.37640,9.38904,50.282
"vergeblich",1,199002,521.37640,9.47647,49.862
"fortan",1,199199,521.37640,9.48585,49.817
"vorname",1,200642,521.37640,9.55456,49.493
"vorzug",1,200722,521.37640,9.55837,49.475
"unterschätzen",1,201458,521.37640,9.59342,49.311
"antun",1,209102,521.37640,9.95743,47.673
"fantasie",1,210452,521.37640,10.02172,47.395
"stammend",1,213914,521.37640,10.18658,46.697
"grenzen",1,215247,521.37640,10.25005,46.433
"brunnen",1,219775,521.37640,10.46568,45.560
"gnade",1,225044,521.37640,10.71659,44.584
"flucht",2,471598,1042.75281,22.45748,44.496
"treu",2,473453,1042.75281,22.54581,44.329
"überlegung",2,482830,1042.75281,22.99234,43.504
"heilung",1,237555,521.37640,11.31236,42.427
"fortgeschritten",1,237993,521.37640,11.33322,42.355
"gestalt",2,522249,1042.75281,24.86948,40.347
"wende",1,256638,521.37640,12.22109,39.511
"versammeln",1,258109,521.37640,12.29114,39.303
"glänzend",1,258856,521.37640,12.32671,39.198
"ruf",2,538346,1042.75281,25.63601,39.186
"schütteln",1,271906,521.37640,12.94815,37.451
"unabhängigkeit",1,272219,521.37640,12.96306,37.411
"kapitän",1,281385,521.37640,13.39954,36.277
"überflüssig",1,282667,521.37640,13.46059,36.124
"einbringen",2,592459,1042.75281,28.21287,35.729
"hauptstadt",2,657365,1042.75281,31.30370,32.311
"dichter",1,321859,521.37640,15.32691,31.995
"abseits",1,325606,521.37640,15.50535,31.649
"verdanken",1,326583,521.37640,15.55187,31.560
"womöglich",1,332761,521.37640,15.84607,31.009
"klug",1,335390,521.37640,15.97126,30.780
"zugunsten",1,337099,521.37640,16.05264,30.633
"spektrum",1,348917,521.37640,16.61541,29.655
"legendär",1,351383,521.37640,16.73284,29.458
"leuchten",1,352387,521.37640,16.78065,29.379
"kurve",1,353150,521.37640,16.81699,29.319
"blind",1,353193,521.37640,16.81904,29.316
"ohnehin",2,731973,1042.75281,34.85653,29.109
"schick",1,362997,521.37640,17.28590,28.567
"weiblich",2,752279,1042.75281,35.82350,28.345
"vermittlung",1,366777,521.37640,17.46591,28.289
"verrückt",1,370745,521.37640,17.65486,28.002
"überzeugung",1,371011,521.37640,17.66753,27.983
"station",2,767712,1042.75281,36.55841,27.790
"nachvollziehen",1,376271,521.37640,17.91801,27.613
"humor",1,376564,521.37640,17.93196,27.592
"café",1,377798,521.37640,17.99072,27.507
"friedhof",1,380839,521.37640,18.13554,27.299
"scharf",2,796569,1042.75281,37.93258,26.809
"auffällig",1,392663,521.37640,18.69860,26.518
"vorschlagen",1,394429,521.37640,18.78269,26.406
"bürgerlich",1,396180,521.37640,18.86608,26.295
"derart",1,399050,521.37640,19.00274,26.115
"wahrscheinlichkeit",1,406179,521.37640,19.34223,25.679
"dramatisch",1,410653,521.37640,19.55528,25.413
"angestellte",1,415013,521.37640,19.76290,25.159
"außerordentlich",1,416666,521.37640,19.84162,25.064
"impuls",1,417675,521.37640,19.88967,25.006
"harry",1,433182,521.37640,20.62811,24.153
"experiment",1,435524,521.37640,20.73964,24.029
"waffe",2,893555,1042.75281,42.55105,23.966
"stuhl",1,448734,521.37640,21.36869,23.353
"fürchten",1,452689,521.37640,21.55703,23.158
"aufstieg",1,469594,521.37640,22.36205,22.360
"rückkehr",1,482225,521.37640,22.96354,21.799
"ausüben",1,483201,521.37640,23.01001,21.757
"stolz",2,997416,1042.75281,47.49691,21.522
"ausdrücken",1,489378,521.37640,23.30416,21.493
"heutzutage",1,490171,521.37640,23.34192,21.460
"herkunft",1,496045,521.37640,23.62164,21.216
"brust",1,496780,521.37640,23.65664,21.186
"kompliziert",1,498185,521.37640,23.72355,21.129
"dumm",1,511607,521.37640,24.36271,20.596
"widerspruch",1,513918,521.37640,24.47276,20.507
"seele",2,1084173,1042.75281,51.62827,19.833
"vorwurf",1,539333,521.37640,25.68302,19.577
"dahinter",1,542923,521.37640,25.85397,19.452
"armee",1,545337,521.37640,25.96893,19.370
"betreten",1,552992,521.37640,26.33346,19.111
"vorschlag",2,1155374,1042.75281,55.01886,18.632
"finanzierung",1,576762,521.37640,27.46538,18.351
"verpassen",1,577914,521.37640,27.52024,18.316
"reißen",1,603307,521.37640,28.72945,17.571
"anfangs",1,605060,521.37640,28.81293,17.522
"beruf",2,1230715,1042.75281,58.60660,17.511
"turnier",1,610479,521.37640,29.07098,17.371
"fünft",1,613380,521.37640,29.20913,17.292
"leid",1,628129,521.37640,29.91148,16.899
"wunder",1,639037,521.37640,30.43092,16.620
"mächtig",1,648856,521.37640,30.89850,16.376
"warnen",1,680683,521.37640,32.41410,15.633
"burg",1,694151,521.37640,33.05544,15.339
"gedicht",1,700030,521.37640,33.33540,15.214
"republik",1,710823,521.37640,33.84936,14.990
"begegnen",1,721239,521.37640,34.34537,14.779
"rasch",1,726145,521.37640,34.57899,14.682
"zweifel",1,730328,521.37640,34.77819,14.600
"mittelpunkt",1,751226,521.37640,35.77335,14.205
"kehren",1,751707,521.37640,35.79626,14.196
"streng",1,752373,521.37640,35.82797,14.184
"jene",3,2298521,1564.12927,109.45547,14.170
"zwingen",1,756595,521.37640,36.02903,14.107
"ursprünglich",2,1560596,1042.75281,74.31552,13.858
"zwölf",1,773187,521.37640,36.81913,13.812
"kriegen",1,777908,521.37640,37.04395,13.731
"hundert",1,780967,521.37640,37.18962,13.678
"star",1,801469,521.37640,38.16592,13.338
"soldat",1,811477,521.37640,38.64250,13.177
"voraus",1,819829,521.37640,39.04022,13.046
"wille",1,830373,521.37640,39.54233,12.885
"tot",1,843624,521.37640,40.17334,12.687
"wenigstens",1,847664,521.37640,40.36572,12.628
"london",1,862149,521.37640,41.05550,12.421
"vermögen",1,863959,521.37640,41.14169,12.396
"geraten",1,879305,521.37640,41.87247,12.184
"industrie",1,884156,521.37640,42.10347,12.119
"umgehen",1,885658,521.37640,42.17500,12.099
"schwester",1,886789,521.37640,42.22886,12.084
"füllen",1,888717,521.37640,42.32067,12.058
"italienisch",1,891893,521.37640,42.47191,12.016
"klassisch",2,1816756,1042.75281,86.51385,11.927
"gemütlich",1,902588,521.37640,42.98120,11.877
"kopf",3,2789818,1564.12927,132.85101,11.693
"erwachsene",1,929188,521.37640,44.24789,11.545
"schriftlich",1,936909,521.37640,44.61557,11.452
"existieren",1,947443,521.37640,45.11720,11.327
"gewinn",1,952832,521.37640,45.37382,11.264
"körperlich",1,970063,521.37640,46.19436,11.069
"theorie",1,970090,521.37640,46.19565,11.068
"prägen",1,980831,521.37640,46.70713,10.950
"trotzdem",3,2997002,1564.12927,142.71710,10.890
"ausland",1,988076,521.37640,47.05214,10.871
"phase",1,990732,521.37640,47.17862,10.842
"schätzen",1,993072,521.37640,47.29005,10.817
"landen",1,1014709,521.37640,48.32040,10.591
"meistens",1,1017061,521.37640,48.43240,10.567
"lange",4,4149098,2085.50562,197.57988,10.507
"behalten",1,1028617,521.37640,48.98270,10.451
"schwach",1,1035923,521.37640,49.33061,10.379
"jahrzehnt",1,1038265,521.37640,49.44214,10.356
"herbst",1,1049133,521.37640,49.95967,10.251
"gedanke",2,2128848,1042.75281,101.37566,10.195
"schloss",1,1065868,521.37640,50.75659,10.093
"literatur",1,1076400,521.37640,51.25813,9.996
"ding",3,3269370,1564.12927,155.68727,9.989
"darin",2,2199016,1042.75281,104.71706,9.873
"stuttgart",1,1100752,521.37640,52.41776,9.779
"erwerben",1,1106809,521.37640,52.70620,9.727
"arzt",2,2237543,1042.75281,106.55170,9.705
"brechen",1,1112896,521.37640,52.99606,9.674
"installieren",1,1122809,521.37640,53.46812,9.590
"ehe",1,1125332,521.37640,53.58826,9.569
"meer",1,1138311,521.37640,54.20633,9.462
"tod",2,2340291,1042.75281,111.44456,9.282
"vergleichen",1,1183778,521.37640,56.37146,9.105
"gar",5,6003881,2606.88208,285.90457,9.090
"genug",2,2412464,1042.75281,114.88144,9.007
"schiff",1,1197827,521.37640,57.04047,9.000
"nahe",1,1210045,521.37640,57.62230,8.911
"bald",2,2471313,1042.75281,117.68382,8.794
"sitzen",2,2481549,1042.75281,118.17126,8.758
"lehrer",1,1238460,521.37640,58.97541,8.710
"gebären",1,1248024,521.37640,59.43085,8.644
"sparen",1,1259440,521.37640,59.97448,8.567
"amerikanisch",1,1263472,521.37640,60.16648,8.540
"verantwortlich",1,1271833,521.37640,60.56464,8.485
"fähigkeit",1,1303833,521.37640,62.08847,8.280
"scheinen",3,3949649,1564.12927,188.08212,8.278
"lokal",1,1311946,521.37640,62.47482,8.230
"zugleich",1,1337690,521.37640,63.70074,8.074
"macht",1,1344863,521.37640,64.04232,8.031
"verdienen",1,1366886,521.37640,65.09106,7.904
"bildung",1,1370551,521.37640,65.26558,7.883
"achten",1,1376640,521.37640,65.55554,7.849
"wagen",1,1424113,521.37640,67.81620,7.591
"rücken",1,1429182,521.37640,68.05759,7.564
"kollege",1,1437858,521.37640,68.47074,7.519
"studium",1,1452795,521.37640,69.18204,7.443
"greifen",1,1474081,521.37640,70.19568,7.337
"umsetzen",1,1474335,521.37640,70.20777,7.336
"glauben",3,4492703,1564.12927,213.94234,7.282
"jedenfalls",1,1529488,521.37640,72.83415,7.075
"erfolg",2,3217913,1042.75281,153.23689,6.767
"garten",1,1610748,521.37640,76.70375,6.723
"ändern",2,3250838,1042.75281,154.80478,6.699
"erstmals",1,1627408,521.37640,77.49710,6.655
"übernehmen",2,3359447,1042.75281,159.97673,6.484
"tochter",1,1677746,521.37640,79.89420,6.458
"voraussetzung",1,1677984,521.37640,79.90553,6.457
"gefahr",1,1700038,521.37640,80.95574,6.374
"vorbei",1,1712509,521.37640,81.54961,6.328
"zahlen",1,1715841,521.37640,81.70827,6.316
"rechts",1,1725558,521.37640,82.17101,6.281
"national",1,1742985,521.37640,83.00087,6.219
"idee",2,3566429,1042.75281,169.83321,6.110
"danach",2,3576167,1042.75281,170.29692,6.093
"bleiben",6,10807583,3128.25854,514.65662,6.068
"lieber",1,1803062,521.37640,85.86173,6.014
"gern",1,1827063,521.37640,87.00466,5.936
"geschehen",1,1859823,521.37640,88.56469,5.832
"schule",2,3795521,1042.75281,180.74255,5.743
"leute",2,3806595,1042.75281,181.26990,5.726
"reich",1,1907226,521.37640,90.82203,5.689
"beziehung",1,1910617,521.37640,90.98351,5.679
"land",4,7797555,2085.50562,371.31924,5.604
"zuvor",1,1943322,521.37640,92.54091,5.584
"feiern",1,1950638,521.37640,92.88931,5.564
"politisch",2,3946513,1042.75281,187.93279,5.524
"links",1,1996613,521.37640,95.07863,5.437
"krieg",1,2001536,521.37640,95.31306,5.424
"alter",1,2005853,521.37640,95.51864,5.412
"beschäftigen",1,2016663,521.37640,96.03341,5.383
"jemand",2,4063347,1042.75281,193.49641,5.366
"durchaus",1,2028846,521.37640,96.61356,5.351
"lediglich",1,2047504,521.37640,97.50206,5.303
"niemand",1,2065995,521.37640,98.38260,5.256
"boden",1,2081059,521.37640,99.09995,5.219
"indem",1,2100557,521.37640,100.02843,5.171
"darum",1,2104985,521.37640,100.23930,5.160
"polizei",1,2113910,521.37640,100.66431,5.138
"teilen",1,2134406,521.37640,101.64032,5.089
"nichts",4,8636491,2085.50562,411.26935,5.061
"langsam",1,2167287,521.37640,103.20612,5.013
"verfügen",1,2169683,521.37640,103.32022,5.007
"licht",1,2169976,521.37640,103.33417,5.007
"besitzen",1,2211983,521.37640,105.33455,4.913
"zehn",1,2215247,521.37640,105.48997,4.905
"lernen",2,4447925,1042.75281,211.81001,4.905
"ehemalig",1,2237614,521.37640,106.55508,4.857
"manchmal",1,2244906,521.37640,106.90234,4.841
"besuchen",1,2260191,521.37640,107.63020,4.809
"eins",1,2281184,521.37640,108.62988,4.765
"welt",3,6927635,1564.12927,329.89368,4.730
"verbindung",1,2301574,521.37640,109.60086,4.723
"frau",4,9317583,2085.50562,443.70294,4.692
"günstig",1,2327906,521.37640,110.85479,4.670
"satz",1,2330477,521.37640,110.97722,4.665
"wunsch",1,2332103,521.37640,111.05465,4.662
"vorteil",1,2335388,521.37640,111.21107,4.655
"nie",2,4773445,1042.75281,227.31126,4.572
"treffen",2,4795113,1042.75281,228.34308,4.551
"dort",4,9679582,2085.50562,460.94131,4.517
"her",1,2409227,521.37640,114.72729,4.514
"sprache",1,2455151,521.37640,116.91419,4.430
"chance",1,2473740,521.37640,117.79939,4.397
"familie",2,4984009,1042.75281,237.33832,4.379
"partei",1,2513443,521.37640,119.69005,4.328
"all",1,2535963,521.37640,120.76245,4.290
"laden",1,2544470,521.37640,121.16756,4.276
"name",2,5168182,1042.75281,246.10861,4.224
"wünschen",1,2612898,521.37640,124.42609,4.165
"heißen",2,5286665,1042.75281,251.75076,4.130
"stück",1,2640000,521.37640,125.71670,4.122
"ziehen",2,5301896,1042.75281,252.47607,4.118
"stadt",3,8002463,1564.12927,381.07697,4.096
"kennen",2,5332086,1042.75281,253.91371,4.095
"rot",1,2665567,521.37640,126.93419,4.083
"andere",4,10757606,2085.50562,512.27679,4.065
"ende",3,8171685,1564.12927,389.13528,4.012
"seine",20,54854831,10427.52832,2612.18481,3.991
"gelingen",1,2738746,521.37640,130.41898,3.975
"laufen",2,5527115,1042.75281,263.20099,3.951
"mutter",1,2799113,521.37640,133.29366,3.890
"hinaus",1,2801022,521.37640,133.38455,3.887
"wegen",2,5634582,1042.75281,268.31854,3.876
"weiterhin",1,2817818,521.37640,134.18439,3.864
"passen",1,2890302,521.37640,137.63606,3.768
"funktionieren",1,2896279,521.37640,137.92070,3.760
"doch",7,20396319,3649.63501,971.27191,3.755
"sprechen",2,5836544,1042.75281,277.93597,3.742
"suchen",2,5884131,1042.75281,280.20206,3.712
"obwohl",1,2937052,521.37640,139.86229,3.708
"zahl",1,2943026,521.37640,140.14677,3.701
"rein",1,2953135,521.37640,140.62817,3.688
"eltern",1,2976259,521.37640,141.72932,3.660
"sogar",2,6033547,1042.75281,287.31726,3.620
"damals",1,3039698,521.37640,144.75031,3.584
"zwischen",4,12337829,2085.50562,587.52692,3.545
"ein",3,9263361,1564.12927,441.12085,3.540
"bedeuten",1,3082802,521.37640,146.80290,3.534
"jung",2,6263208,1042.75281,298.25369,3.488
"verlieren",1,3181171,521.37640,151.48723,3.426
"lösung",1,3187170,521.37640,151.77290,3.419
"einzig",1,3239555,521.37640,154.26749,3.364
"gast",1,3271733,521.37640,155.79979,3.331
"tatsächlich",1,3305897,521.37640,157.42668,3.297
"schließlich",1,3337984,521.37640,158.95465,3.266
"zweit",2,7021295,1042.75281,334.35376,3.112
"mann",2,7065960,1042.75281,336.48071,3.093
"blick",1,3535164,521.37640,168.34436,3.085
"meiste",1,3555719,521.37640,169.32320,3.067
"etwa",2,7157079,1042.75281,340.81982,3.054
"alt",3,10839413,1564.12927,516.17242,3.026
"eigen",3,10901595,1564.12927,519.13348,3.009
"haus",2,7287682,1042.75281,347.03912,2.999
"freund",1,3638392,521.37640,173.26007,2.998
"echt",1,3646292,521.37640,173.63628,2.991
"machen",8,29413052,4171.01123,1400.64832,2.977
"setzen",2,7432256,1042.75281,353.92371,2.941
"zwei",4,15111846,2085.50562,719.62549,2.895
"beide",3,11871601,1564.12927,565.32513,2.764
"was",9,36077788,4692.38770,1718.02283,2.730
"ihre",16,65493487,8342.02246,3118.79712,2.674
"besonder",1,4089880,521.37640,194.75992,2.668
"gerade",2,8274576,1042.75281,394.03497,2.642
"schon",7,29039356,3649.63501,1382.85291,2.638
"wissen",3,12459506,1564.12927,593.32117,2.633
"wasser",1,4222862,521.37640,201.09251,2.585
"folgen",1,4292150,521.37640,204.39201,2.543
"ergebnis",1,4307833,521.37640,205.13884,2.534
"während",2,8681942,1042.75281,413.43372,2.519
"leben",3,13034354,1564.12927,620.69543,2.518
"erfahrung",1,4345282,521.37640,206.92215,2.512
"geld",1,4352105,521.37640,207.24706,2.508
"kaufen",1,4369845,521.37640,208.09184,2.498
"zudem",1,4375413,521.37640,208.35699,2.495
"halten",2,8783689,1042.75281,418.27890,2.489
"legen",1,4390768,521.37640,209.08820,2.486
"schreiben",2,8802653,1042.75281,419.18198,2.484
"selbst",3,13348602,1564.12927,635.65991,2.458
"herr",1,4446572,521.37640,211.74557,2.455
"fest",1,4486611,521.37640,213.65222,2.434
"schnell",2,9078928,1042.75281,432.33817,2.409
"fallen",1,4534295,521.37640,215.92293,2.408
"versuchen",1,4626016,521.37640,220.29068,2.361
"als",18,84065852,9384.77539,4003.21216,2.344
"bringen",2,9383355,1042.75281,446.83499,2.331
"darüber",1,4744996,521.37640,225.95653,2.302
"führen",2,9625175,1042.75281,458.35043,2.272
"warum",1,4814754,521.37640,229.27838,2.268
"später",1,4853356,521.37640,231.11662,2.250
"entsprechend",1,4877289,521.37640,232.25632,2.239
"schwer",1,4960771,521.37640,236.23172,2.202
"nun",3,15160659,1564.12927,721.94995,2.165
"wo",2,10122275,1042.75281,482.02234,2.161
"ort",1,5106042,521.37640,243.14951,2.140
"nicht",25,128578879,13034.41113,6122.92090,2.129
"ander",4,20754246,2085.50562,988.31635,2.109
"handeln",1,5181995,521.37640,246.76639,2.108
"schaffen",1,5189068,521.37640,247.10321,2.105
"eine",76,396530336,39624.60938,18882.75781,2.098
"folgend",1,5263962,521.37640,250.66966,2.076
"zeigen",2,10554368,1042.75281,502.59860,2.073
"alle",10,54201989,5213.76416,2581.09644,2.020
"ganz",4,21901748,2085.50562,1042.96033,1.999
"beginnen",1,5491616,521.37640,261.51053,1.990
"viele",4,22041763,2085.50562,1049.62793,1.986
"helfen",1,5510034,521.37640,262.38760,1.983
"wollen",4,22157001,2085.50562,1055.11548,1.976
"sie",135,756259702,70385.82031,36013.05859,1.954
"zeit",3,17175065,1564.12927,817.87585,1.911
"heute",2,11470951,1042.75281,546.24622,1.907
"wenig",1,5745023,521.37640,273.57776,1.902
"darauf",1,5747695,521.37640,273.70499,1.902
"oft",1,5806172,521.37640,276.48965,1.883
"gemeinsam",1,5831442,521.37640,277.69302,1.874
"einige",2,11712764,1042.75281,557.76135,1.868
"leider",1,5870920,521.37640,279.57297,1.862
"weit",3,17664183,1564.12927,841.16766,1.858
"aber",10,60064965,5213.76416,2860.29126,1.823
"mehr",6,36094506,3128.25854,1718.81897,1.820
"nehmen",2,12057567,1042.75281,574.18085,1.815
"davon",1,6122360,521.37640,291.54654,1.786
"aus",11,67602568,5735.14062,3219.23145,1.781
"sehen",3,18670507,1564.12927,889.08881,1.758
"müssen",6,37572663,3128.25854,1789.20874,1.748
"nutzen",1,6349558,521.37640,302.36569,1.722
"jahr",6,38271912,3128.25854,1822.50696,1.716
"kind",2,12755787,1042.75281,607.43005,1.715
"neu",5,32142797,2606.88208,1530.63867,1.703
"neben",1,6507033,521.37640,309.86462,1.680
"da",5,33482030,2606.88208,1594.41284,1.635
"gelten",1,6735695,521.37640,320.75354,1.624
"denken",1,6810173,521.37640,324.30014,1.606
"kommen",4,28372544,2085.50562,1351.09937,1.543
"ohne",2,14353746,1042.75281,683.52478,1.525
"erst",4,29170936,2085.50562,1389.11877,1.501
"mensch",2,14766604,1042.75281,703.18506,1.482
"klein",2,14784170,1042.75281,704.02155,1.480
"wohl",1,7630968,521.37640,363.38638,1.434
"gegen",2,15269186,1042.75281,727.11804,1.433
"einfach",2,15520668,1042.75281,739.09357,1.410
"dafür",1,8110881,521.37640,386.23984,1.349
"immer",3,24349300,1564.12927,1159.51270,1.349
"verschieden",1,8192418,521.37640,390.12259,1.336
"weg",1,8215038,521.37640,391.19977,1.332
"einmal",1,8344366,521.37640,397.35837,1.311
"sein",42,353241845,21897.81055,16821.36133,1.302
"wieder",3,25337483,1564.12927,1206.56982,1.296
"richtig",1,8495966,521.37640,404.57755,1.288
"nah",1,8665627,521.37640,412.65680,1.263
"groß",3,26203704,1564.12927,1247.81934,1.253
"wer",1,8758419,521.37640,417.07556,1.249
"fall",1,9113199,521.37640,433.97018,1.201
"zu",28,260534395,14598.54004,12406.63672,1.177
"drei",1,9351560,521.37640,445.32092,1.170
"können",11,103001855,5735.14062,4904.94434,1.169
"hier",3,28247466,1564.12927,1345.14319,1.163
"deutschland",1,9437529,521.37640,449.41473,1.160
"geben",4,38069661,2085.50562,1812.87561,1.150
"auf",14,136275064,7299.27002,6489.41309,1.125
"lang",1,9982840,521.37640,475.38242,1.097
"werden",20,201040695,10427.52832,9573.54980,1.089
"dürfen",1,10067079,521.37640,479.39389,1.087
"so",6,60790459,3128.25854,2894.83911,1.081
"haben",16,162718039,8342.02246,7748.62646,1.077
"in",41,428446574,21376.43359,20402.60938,1.048
"man",5,52275902,2606.88208,2489.37622,1.047
"mit",17,179087864,8863.39941,8528.15723,1.039
"lassen",2,21159730,1042.75281,1007.62555,1.035
"wie",6,65472410,3128.25854,3117.79346,1.003
"weil",1,11639797,521.37640,554.28662,0.941
"sollen",3,35028104,1564.12927,1668.03687,0.938
"sondern",1,11737206,521.37640,558.92529,0.933
"bereits",1,11948566,521.37640,568.99023,0.916
"unter",2,23930284,1042.75281,1139.55920,0.915
"finden",2,24296462,1042.75281,1156.99658,0.901
"keine",3,36509834,1564.12927,1738.59680,0.900
"vor",3,37272881,1564.12927,1774.93298,0.881
"dann",3,37290107,1564.12927,1775.75330,0.881
"die",132,1664458713,68821.68750,79261.46094,0.868
"deutsch",1,12662562,521.37640,602.99066,0.865
"ob",1,12750789,521.37640,607.19208,0.859
"sehr",2,26197998,1042.75281,1247.54761,0.836
"liegen",1,13167438,521.37640,627.03284,0.832
"viel",1,13901135,521.37640,661.97144,0.788
"und",36,502730915,18769.55078,23940.02539,0.784
"gut",3,42510730,1564.12927,2024.35925,0.773
"denn",1,14523740,521.37640,691.61993,0.754
"über",3,45864960,1564.12927,2184.08765,0.716
"nach",4,62031190,2085.50562,2953.92261,0.706
"für",9,144336045,4692.38770,6873.27686,0.683
"bis",2,32641625,1042.75281,1554.39282,0.671
"nur",3,49702108,1564.12927,2366.81226,0.661
"damit",1,16928315,521.37640,806.12567,0.647
"noch",3,52909467,1564.12927,2519.54663,0.621
"dass",4,71215132,2085.50562,3391.26147,0.615
"diese",5,89515626,2606.88208,4262.73047,0.612
"an",7,131722631,3649.63501,6272.62598,0.582
"stehen",1,19090654,521.37640,909.09613,0.574
"ja",1,19782965,521.37640,942.06403,0.554
"jede",1,20846196,521.37640,992.69501,0.526
"mal",1,24469747,521.37640,1165.24841,0.448
"gehen",1,26892499,521.37640,1280.61975,0.408
"von",7,196272693,3649.63501,9346.49707,0.391
"auch",4,121746062,2085.50562,5797.54248,0.360
"oder",2,68721727,1042.75281,3272.52588,0.319
"durch",1,39618437,521.37640,1886.62830,0.277
"wenn",1,43729937,521.37640,2082.41772,0.251
"bei",2,95277546,1042.75281,4537.11279,0.230
"um",1,51117445,521.37640,2434.21069,0.215
