20250202(16.33)	1	url	empty
20250202(16.33)	2	url	empty
20250202(16.33)	3	url	empty
20250202(16.33)	4	url	empty
20250202(16.33)	5	url	empty
20250202(16.33)	6	url	empty
20250202(16.33)	7	url	empty
20250202(16.33)	8	url	empty
20250202(16.33)	9	url	empty
20250202(16.33)	10	url	empty
20250202(16.33)	11	url	empty
20250202(16.33)	12	url	empty
20250202(16.34)	13	url	empty
20250202(16.34)	14	url	empty
20250202(16.34)	15	url	empty
20250202(16.34)	16	url	empty
20250202(16.34)	17	url	empty
20250202(16.34)	18	url	empty
20250202(16.34)	19	url	empty
20250202(16.34)	20	url	empty
20250202(16.34)	21	url	empty
20250202(16.34)	22	url	empty
20250202(16.34)	23	url	empty
20250202(16.35)	24	url	empty
20250202(16.35)	25	url	empty
20250202(16.35)	26	url	empty
20250202(16.35)	27	url	empty
20250202(16.35)	28	url	empty
20250202(16.35)	29	url	empty
20250202(16.35)	30	url	empty
20250202(16.35)	31	url	empty
20250202(16.35)	32	url	empty
20250202(16.35)	33	url	empty
20250202(16.35)	34	url	empty
20250202(16.35)	35	url	empty
20250202(16.35)	36	url	empty
20250202(16.35)	37	url	empty
20250202(16.35)	38	url	empty
20250202(16.36)	39	url	empty
20250202(16.36)	40	url	empty
20250202(16.36)	41	url	empty
20250202(16.36)	42	url	empty
20250202(16.36)	43	url	empty
20250202(16.36)	44	url	empty
20250202(16.36)	45	url	empty
20250202(16.36)	46	url	empty
20250202(16.36)	47	url	empty
20250202(16.36)	48	url	empty
20250202(16.36)	49	url	empty
20250202(16.36)	50	url	empty
20250202(16.36)	51	url	empty
20250202(16.36)	52	url	empty
20250202(16.36)	53	url	empty
20250202(16.36)	54	url	empty
20250202(16.36)	55	url	empty
20250202(16.37)	56	url	empty
20250202(16.37)	57	url	empty
20250202(16.37)	58	url	empty
20250202(16.37)	59	url	empty
20250202(16.37)	60	url	empty
20250202(16.37)	61	url	empty
20250202(16.37)	62	url	empty
20250202(16.37)	63	url	empty
20250202(16.37)	64	url	empty
20250202(16.37)	65	url	empty
20250202(16.37)	66	url	empty
20250202(16.37)	67	url	empty
20250202(16.37)	68	url	empty
20250202(16.37)	69	url	empty
20250202(16.37)	70	url	empty
20250202(16.37)	71	url	empty
20250202(16.37)	72	url	empty
20250202(16.37)	73	url	empty
20250202(16.38)	74	url	empty
20250202(16.38)	75	url	empty
20250202(16.38)	76	url	empty
20250202(16.38)	77	url	empty
20250202(16.38)	78	url	empty
20250202(16.38)	79	url	empty
20250202(16.38)	80	url	empty
20250202(16.38)	81	url	empty
20250202(16.38)	82	url	empty
20250202(16.38)	83	url	empty
20250202(16.38)	84	url	empty
20250202(16.38)	85	url	empty
20250202(16.38)	86	url	empty
20250202(16.38)	87	url	empty
20250202(16.38)	88	url	empty
20250202(16.38)	89	url	empty
20250202(16.38)	90	url	empty
20250202(16.38)	91	url	empty
20250202(16.38)	92	url	empty
20250202(16.38)	93	url	empty
20250202(16.38)	94	url	empty
20250202(16.39)	95	url	empty
20250202(16.39)	96	url	empty
20250202(16.39)	97	url	empty
20250202(16.39)	98	url	empty
20250202(16.39)	99	url	empty
20250202(16.39)	100	url	empty
20250202(16.39)	101	url	empty
20250202(16.39)	102	url	empty
20250202(16.39)	103	url	empty
20250202(16.39)	104	url	empty
20250202(16.39)	105	url	empty
20250202(16.39)	106	url	empty
20250202(16.39)	107	url	empty
20250202(16.39)	108	url	empty
20250202(16.39)	109	url	empty
20250202(16.39)	110	url	empty
20250202(16.39)	111	url	empty
20250202(16.39)	112	url	empty
20250202(16.39)	113	url	empty
20250202(16.39)	114	url	empty
20250202(16.39)	115	url	empty
20250202(16.39)	116	url	empty
20250202(16.39)	117	url	empty
20250202(16.39)	118	url	empty
20250202(16.39)	119	url	empty
20250202(16.39)	120	url	empty
20250202(16.39)	121	url	empty
20250202(16.39)	122	url	empty
20250202(16.39)	123	url	empty
20250202(16.39)	124	url	empty
20250202(16.39)	125	url	empty
20250202(16.39)	126	url	empty
20250202(16.39)	127	url	empty
20250202(16.39)	128	url	empty
20250202(16.39)	129	url	empty
20250202(16.39)	130	url	empty
20250202(16.39)	131	url	empty
20250202(16.39)	132	url	empty
20250202(16.39)	133	url	empty
20250202(16.39)	134	url	empty
20250202(16.39)	135	url	empty
20250202(16.39)	136	url	empty
20250202(16.39)	137	url	empty
20250202(16.39)	138	url	empty
20250202(16.39)	139	url	empty
20250202(16.39)	140	url	empty
20250202(16.39)	141	url	empty
20250202(16.40)	142	url	empty
20250202(16.40)	143	url	empty
20250202(16.40)	144	url	empty
20250202(16.40)	145	url	empty
20250202(16.40)	146	url	empty
20250202(16.40)	147	url	empty
20250202(16.40)	148	url	empty
20250202(16.40)	149	url	empty
20250202(16.40)	150	url	empty
20250202(16.40)	151	url	empty
20250202(16.40)	152	url	empty
20250202(16.40)	153	url	empty
20250202(16.40)	154	url	empty
20250202(16.40)	155	url	empty
20250202(16.40)	156	url	empty
20250202(16.40)	157	url	empty
20250202(16.41)	158	url	empty
20250202(16.41)	159	url	empty
20250202(16.41)	160	url	empty
20250202(16.41)	161	url	empty
20250202(16.41)	162	url	empty
20250202(16.41)	163	url	empty
20250202(16.41)	164	url	empty
20250202(16.41)	165	url	empty
20250202(16.41)	166	url	empty
20250202(16.41)	167	url	empty
20250202(16.41)	168	url	empty
20250202(16.41)	169	url	empty
20250202(16.41)	170	url	empty
20250202(16.41)	171	url	empty
20250202(16.41)	172	url	empty
20250202(16.42)	173	url	empty
20250202(16.42)	174	url	empty
20250202(16.42)	175	url	empty
20250202(16.42)	176	url	empty
20250202(16.42)	177	url	empty
20250202(16.42)	178	url	empty
20250202(16.42)	179	url	empty
20250202(16.42)	180	url	empty
20250202(16.42)	181	url	empty
20250202(16.42)	182	url	empty
20250202(16.42)	183	url	empty
20250202(16.42)	184	url	empty
20250202(16.42)	185	url	empty
20250202(16.42)	186	url	empty
20250202(16.42)	187	url	empty
20250202(16.42)	188	url	empty
20250202(16.43)	189	url	empty
20250202(16.43)	190	url	empty
20250202(16.43)	191	url	empty
20250202(16.43)	192	url	empty
20250202(16.43)	193	url	empty
20250202(16.43)	194	url	empty
20250202(16.43)	195	url	empty
20250202(16.43)	196	url	empty
20250202(16.43)	197	url	empty
20250202(16.43)	198	url	empty
20250202(16.43)	199	url	empty
20250202(16.43)	200	url	empty
20250202(16.44)	201	url	empty
20250202(16.44)	202	url	empty
20250202(16.44)	203	url	empty
20250202(16.44)	204	url	empty
20250202(16.44)	205	url	empty
20250202(16.44)	206	url	empty
20250202(16.44)	207	url	empty
20250202(16.44)	208	url	empty
20250202(16.44)	209	url	empty
20250202(16.44)	210	url	empty
20250202(16.44)	211	url	empty
20250202(16.44)	212	url	empty
20250202(16.44)	213	url	empty
20250202(16.44)	214	url	empty
20250202(16.45)	215	url	empty
20250202(16.45)	216	url	empty
20250202(16.45)	217	url	empty
20250202(16.45)	218	url	empty
20250202(16.45)	219	url	empty
20250202(16.45)	220	url	empty
20250202(16.45)	221	url	empty
20250202(16.45)	222	url	empty
20250202(16.45)	223	url	empty
20250202(16.45)	224	url	empty
20250202(16.46)	225	url	empty
20250202(16.46)	226	url	empty
20250202(16.46)	227	url	empty
20250202(16.46)	228	url	empty
20250202(16.46)	229	url	empty
20250202(16.46)	230	url	empty
20250202(16.46)	231	url	empty
20250202(16.46)	232	url	empty
20250202(16.46)	233	url	empty
20250202(16.46)	234	url	empty
20250202(16.47)	235	url	empty
20250202(16.47)	236	url	empty
20250202(16.47)	237	url	empty
20250202(16.47)	238	url	empty
20250202(16.47)	239	url	empty
20250202(16.47)	240	url	empty
20250202(16.47)	241	url	empty
20250202(16.47)	242	url	empty
20250202(16.47)	243	url	empty
20250202(16.47)	244	url	empty
20250202(16.47)	245	url	empty
20250202(16.47)	246	url	empty
20250202(16.47)	247	url	empty
20250202(16.47)	248	url	empty
20250202(16.47)	249	url	empty
20250202(16.47)	250	url	empty
20250202(16.47)	251	url	empty
20250202(16.47)	252	url	empty
20250202(16.47)	253	url	empty
20250202(16.47)	254	url	empty
20250202(16.47)	255	url	empty
20250202(16.47)	256	url	empty
20250202(16.47)	257	url	empty
20250202(16.47)	258	url	empty
20250202(16.47)	259	url	empty
20250202(16.47)	260	url	empty
20250202(16.47)	261	url	empty
20250202(16.47)	262	url	empty
20250202(16.47)	263	url	empty
20250202(16.48)	264	url	empty
20250202(16.48)	265	url	empty
20250202(16.48)	266	url	empty
20250202(16.48)	267	url	empty
20250202(16.48)	268	url	empty
20250202(16.48)	269	url	empty
20250202(16.48)	270	url	empty
20250202(16.48)	271	url	empty
20250202(16.48)	272	url	empty
20250202(16.48)	273	url	empty
20250202(16.48)	274	url	empty
20250202(16.48)	275	url	empty
20250202(16.48)	276	url	empty
20250202(16.48)	277	url	empty
20250202(16.48)	278	url	empty
20250202(16.48)	279	url	empty
20250202(16.48)	280	url	empty
20250202(16.48)	281	url	empty
20250202(16.48)	282	url	empty
20250202(16.48)	283	url	empty
20250202(16.48)	284	url	empty
20250202(16.48)	285	url	empty
20250202(16.48)	286	url	empty
20250202(16.48)	287	url	empty
20250202(16.48)	288	url	empty
20250202(16.48)	289	url	empty
20250202(16.48)	290	url	empty
20250202(16.48)	291	url	empty
20250202(16.48)	292	url	empty
20250202(16.48)	293	url	empty
20250202(16.48)	294	url	empty
20250202(16.48)	295	url	empty
20250202(16.48)	296	url	empty
20250202(16.48)	297	url	empty
20250202(16.48)	298	url	empty
20250202(16.48)	299	url	empty
20250202(16.48)	300	url	empty
20250202(16.48)	301	url	empty
20250202(16.48)	302	url	empty
20250202(16.48)	303	url	empty
20250202(16.48)	304	url	empty
20250202(16.48)	305	url	empty
20250202(16.48)	306	url	empty
20250202(16.48)	307	url	empty
20250202(16.48)	308	url	empty
20250202(16.48)	309	url	empty
20250202(16.48)	310	url	empty
20250202(16.49)	311	url	empty
20250202(16.49)	312	url	empty
20250202(16.49)	313	url	empty
20250202(16.49)	314	url	empty
20250202(16.49)	315	url	empty
20250202(16.49)	316	url	empty
20250202(16.49)	317	url	empty
20250202(16.49)	318	url	empty
20250202(16.49)	319	url	empty
20250202(16.49)	320	url	empty
20250202(16.49)	321	url	empty
20250202(16.49)	322	url	empty
20250202(16.49)	323	url	empty
20250202(16.49)	324	url	empty
20250202(16.49)	325	url	empty
20250202(16.49)	326	url	empty
20250202(16.49)	327	url	empty
20250202(16.49)	328	url	empty
20250202(16.49)	329	url	empty
20250202(16.49)	330	url	empty
20250202(16.49)	331	url	empty
20250202(16.49)	332	url	empty
20250202(16.49)	333	url	empty
20250202(16.49)	334	url	empty
20250202(16.49)	335	url	empty
20250202(16.49)	336	url	empty
20250202(16.49)	337	url	empty
20250202(16.49)	338	url	empty
20250202(16.49)	339	url	empty
20250202(16.49)	340	url	empty
20250202(16.49)	341	url	empty
20250202(16.49)	342	url	empty
20250202(16.49)	343	url	empty
20250202(16.49)	344	url	empty
20250202(16.49)	345	url	empty
20250202(16.49)	346	url	empty
20250202(16.49)	347	url	empty
20250202(16.49)	348	url	empty
20250202(16.49)	349	url	empty
20250202(16.49)	350	url	empty
20250202(16.49)	351	url	empty
20250202(16.49)	352	url	empty
20250202(16.49)	353	url	empty
20250202(16.49)	354	url	empty
20250202(16.49)	355	url	empty
20250202(16.49)	356	url	empty
20250202(16.49)	357	url	empty
20250202(16.50)	358	url	empty
20250202(16.50)	359	url	empty
20250202(16.50)	360	url	empty
20250202(16.50)	361	url	empty
20250202(16.50)	362	url	empty
20250202(16.51)	363	url	empty
20250202(16.51)	364	url	empty
20250202(16.51)	365	url	empty
20250202(16.51)	366	url	empty
20250202(16.51)	367	url	empty
20250202(16.51)	368	url	empty
20250202(16.51)	369	url	empty
20250202(16.51)	370	url	empty
20250202(16.51)	371	url	empty
20250202(16.51)	372	url	empty
20250202(16.51)	373	url	empty
20250202(16.52)	374	url	empty
20250202(16.52)	375	url	empty
20250202(16.52)	376	url	empty
20250202(16.52)	377	url	empty
20250202(16.52)	378	url	empty
20250202(16.52)	379	url	empty
20250202(16.52)	380	url	empty
20250202(16.52)	381	url	empty
20250202(16.52)	382	url	empty
20250202(16.52)	383	url	empty
20250202(16.52)	384	url	empty
20250202(16.53)	385	url	empty
20250202(16.53)	386	url	empty
20250202(16.53)	387	url	empty
20250202(16.53)	388	url	empty
20250202(16.53)	389	url	empty
20250202(16.53)	390	url	empty
20250202(16.53)	391	url	empty
20250202(16.54)	392	url	empty
20250202(16.54)	393	url	empty
20250202(16.54)	394	url	empty
20250202(16.54)	395	url	empty
20250202(16.54)	396	url	empty
20250202(16.54)	397	url	empty
20250202(16.55)	398	url	empty
20250202(16.55)	399	url	empty
20250202(16.55)	400	url	empty
20250202(16.55)	401	url	empty
20250202(16.55)	402	url	empty
20250202(16.55)	403	url	empty
20250202(16.55)	404	url	empty
20250202(16.55)	405	url	empty
20250202(16.56)	406	url	empty
20250202(16.56)	407	url	empty
20250202(16.56)	408	url	empty
20250202(16.57)	409	url	empty
20250202(16.57)	410	url	empty
20250202(16.57)	411	url	empty
20250202(16.57)	412	url	empty
20250202(16.57)	413	url	empty
20250202(16.57)	414	url	empty
20250202(16.57)	415	url	empty
20250202(16.58)	416	url	empty
20250202(16.58)	417	url	empty
20250202(16.58)	418	url	empty
20250202(16.58)	419	url	empty
20250202(16.58)	420	url	empty
20250202(16.58)	421	url	empty
20250202(16.58)	422	url	empty
20250202(16.58)	423	url	empty
20250202(16.58)	424	url	empty
20250202(16.58)	425	url	empty
20250202(16.58)	426	url	empty
20250202(16.59)	427	url	empty
20250202(16.59)	428	url	empty
20250202(16.59)	429	url	empty
20250202(16.59)	430	url	empty
20250202(16.59)	431	url	empty
20250202(16.59)	432	url	empty
20250202(17.00)	433	url	empty
20250202(17.00)	434	url	empty
20250202(17.00)	435	url	empty
20250202(17.00)	436	url	empty
20250202(17.00)	437	url	empty
20250202(17.00)	438	url	empty
20250202(17.00)	439	url	empty
20250202(17.00)	440	url	empty
20250202(17.00)	441	url	empty
20250202(17.01)	442	url	empty
20250202(17.01)	443	url	empty
20250202(17.01)	444	url	empty
20250202(17.01)	445	url	empty
20250202(17.01)	446	url	empty
20250202(17.01)	447	url	empty
20250202(17.01)	448	url	empty
20250202(17.01)	449	url	empty
20250202(17.01)	450	url	empty
20250202(17.02)	451	url	empty
20250202(17.02)	452	url	empty
20250202(17.02)	453	url	empty
20250202(17.02)	454	url	empty
20250202(17.02)	455	url	empty
20250202(17.02)	456	url	empty
20250202(17.02)	457	url	empty
20250202(17.02)	458	url	empty
20250202(17.03)	459	url	empty
20250202(17.03)	460	url	empty
20250202(17.03)	461	url	empty
20250202(17.03)	462	url	empty
20250202(17.03)	463	url	empty
20250202(17.03)	464	url	empty
20250202(17.03)	465	url	empty
20250202(17.03)	466	url	empty
20250202(17.04)	467	url	empty
20250202(17.04)	468	url	empty
20250202(17.04)	469	url	empty
20250202(17.04)	470	url	empty
20250202(17.04)	471	url	empty
20250202(17.04)	472	url	empty
20250202(17.04)	473	url	empty
20250202(17.04)	474	url	empty
20250202(17.04)	475	url	empty
20250202(17.04)	476	url	empty
20250202(17.04)	477	url	empty
20250202(17.05)	478	url	empty
20250202(17.05)	479	url	empty
20250202(17.05)	480	url	empty
20250202(17.05)	481	url	empty
20250202(17.05)	482	url	empty
20250202(17.05)	483	url	empty
20250202(17.05)	484	url	empty
20250202(17.06)	485	url	empty
20250202(17.06)	486	url	empty
20250202(17.06)	487	url	empty
20250202(17.06)	488	url	empty
20250202(17.06)	489	url	empty
20250202(17.07)	490	url	empty
20250202(17.07)	491	url	empty
20250202(17.07)	492	url	empty
20250202(17.07)	493	url	empty
20250202(17.07)	494	url	empty
20250202(17.07)	495	url	empty
20250202(17.07)	496	url	empty
20250202(17.07)	497	url	empty
20250202(17.07)	498	url	empty
20250202(17.07)	499	url	empty
20250202(17.07)	500	url	empty
20250202(17.08)	501	url	empty
20250202(17.08)	502	url	empty
20250202(17.08)	503	url	empty
20250202(17.08)	504	url	empty
20250202(17.08)	505	url	empty
20250202(17.08)	506	url	empty
20250202(17.08)	507	url	empty
20250202(17.09)	508	url	empty
20250202(17.09)	509	url	empty
20250202(17.09)	510	url	empty
20250202(17.09)	511	url	empty
20250202(17.09)	512	url	empty
20250202(17.09)	513	url	empty
20250202(17.10)	514	url	empty
20250202(17.10)	515	url	empty
20250202(17.10)	516	url	empty
20250202(17.10)	517	url	empty
20250202(17.10)	518	url	empty
20250202(17.10)	519	url	empty
20250202(17.10)	520	url	empty
20250202(17.10)	521	url	empty
20250202(17.10)	522	url	empty
20250202(17.11)	523	url	empty
20250202(17.11)	524	url	empty
20250202(17.11)	525	url	empty
20250202(17.11)	526	url	empty
20250202(17.11)	527	url	empty
20250202(17.11)	528	url	empty
20250202(17.11)	529	url	empty
20250202(17.11)	530	url	empty
20250202(17.11)	531	url	empty
20250202(17.12)	532	url	empty
20250202(17.12)	533	url	empty
20250202(17.12)	534	url	empty
20250202(17.12)	535	url	empty
20250202(17.12)	536	url	empty
20250202(17.12)	537	url	empty
20250202(17.12)	538	url	empty
20250202(17.12)	539	url	empty
20250202(17.13)	540	url	empty
20250202(17.13)	541	url	empty
20250202(17.13)	542	url	empty
20250202(17.13)	543	url	empty
20250202(17.13)	544	url	empty
20250202(17.13)	545	url	empty
20250202(17.14)	546	url	empty
20250202(17.14)	547	url	empty
20250202(17.14)	548	url	empty
20250202(17.14)	549	url	empty
20250202(17.14)	550	url	empty
20250202(17.14)	551	url	empty
20250202(17.15)	552	url	empty
20250202(17.15)	553	url	empty
20250202(17.15)	554	url	empty
20250202(17.15)	555	url	empty
20250202(17.15)	556	url	empty
20250202(17.15)	557	url	empty
20250202(17.16)	558	url	empty
20250202(17.16)	559	url	empty
20250202(17.16)	560	url	empty
20250202(17.16)	561	url	empty
20250202(17.16)	562	url	empty
20250202(17.16)	563	url	empty
20250202(17.16)	564	url	empty
20250202(17.17)	565	url	empty
20250202(17.17)	566	url	empty
20250202(17.17)	567	url	empty
20250202(17.17)	568	url	empty
20250202(17.17)	569	url	empty
20250202(17.17)	570	url	empty
20250202(17.17)	571	url	empty
20250202(17.17)	572	url	empty
20250202(17.17)	573	url	empty
20250202(17.18)	574	url	empty
20250202(17.18)	575	url	empty
20250202(17.18)	576	url	empty
20250202(17.18)	577	url	empty
20250202(17.18)	578	url	empty
20250202(17.18)	579	url	empty
20250202(17.18)	580	url	empty
20250202(17.18)	581	url	empty
20250202(17.18)	582	url	empty
20250202(17.19)	583	url	empty
20250202(17.19)	584	url	empty
20250202(17.19)	585	url	empty
20250202(17.19)	586	url	empty
20250202(17.19)	587	url	empty
20250202(17.19)	588	url	empty
20250202(17.19)	589	url	empty
20250202(17.19)	590	url	empty
20250202(17.19)	591	url	empty
20250202(17.19)	592	url	empty
20250202(17.20)	593	url	empty
20250202(17.20)	594	url	empty
20250202(17.20)	595	url	empty
20250202(17.20)	596	url	empty
20250202(17.20)	597	url	empty
20250202(17.20)	598	url	empty
20250202(17.21)	599	url	empty
20250202(17.21)	600	url	empty
20250202(17.21)	601	url	empty
20250202(17.21)	602	url	empty
20250202(17.21)	603	url	empty
20250202(17.22)	604	url	empty
20250202(17.22)	605	url	empty
20250202(17.22)	606	url	empty
20250202(17.22)	607	url	empty
20250202(17.22)	608	url	empty
20250202(17.22)	609	url	empty
20250202(17.23)	610	url	empty
20250202(17.23)	611	url	empty
20250202(17.23)	612	url	empty
20250202(17.23)	613	url	empty
20250202(17.23)	614	url	empty
20250202(17.24)	615	url	empty
20250202(17.24)	616	url	empty
20250202(17.24)	617	url	empty
20250202(17.24)	618	url	empty
20250202(17.24)	619	url	empty
20250202(17.24)	620	url	empty
20250202(17.25)	621	url	empty
20250202(17.25)	622	url	empty
20250202(17.25)	623	url	empty
20250202(17.25)	624	url	empty
20250202(17.25)	625	url	empty
20250202(17.25)	626	url	empty
20250202(17.25)	627	url	empty
20250202(17.26)	628	url	empty
20250202(17.26)	629	url	empty
20250202(17.26)	630	url	empty
20250202(17.26)	631	url	empty
20250202(17.26)	632	url	empty
20250202(17.26)	633	url	empty
20250202(17.27)	634	url	empty
20250202(17.27)	635	url	empty
20250202(17.27)	636	url	empty
20250202(17.27)	637	url	empty
20250202(17.27)	638	url	empty
20250202(17.28)	639	url	empty
20250202(17.28)	640	url	empty
20250202(17.28)	641	url	empty
20250202(17.28)	642	url	empty
20250202(17.28)	643	url	empty
20250202(17.28)	644	url	empty
20250202(17.29)	645	url	empty
20250202(17.29)	646	url	empty
20250202(17.29)	647	url	empty
20250202(17.29)	648	url	empty
20250202(17.29)	649	url	empty
20250202(17.29)	650	url	empty
20250202(17.30)	651	url	empty
20250202(17.30)	652	url	empty
20250202(17.30)	653	url	empty
20250202(17.30)	654	url	empty
20250202(17.31)	655	url	empty
20250202(17.31)	656	url	empty
20250202(17.31)	657	url	empty
20250202(17.31)	658	url	empty
20250202(17.31)	659	url	empty
20250202(17.31)	660	url	empty
20250202(17.31)	661	url	empty
20250202(17.32)	662	url	empty
20250202(17.32)	663	url	empty
20250202(17.32)	664	url	empty
20250202(17.32)	665	url	empty
20250202(17.33)	666	url	empty
20250202(17.33)	667	url	empty
20250202(17.33)	668	url	empty
20250202(17.33)	669	url	empty
20250202(17.34)	670	url	empty
20250202(17.34)	671	url	empty
20250202(17.34)	672	url	empty
20250202(17.34)	673	url	empty
20250202(17.34)	674	url	empty
20250202(17.35)	675	url	empty
20250202(17.35)	676	url	empty
20250202(17.35)	677	url	empty
20250202(17.35)	678	url	empty
20250202(17.35)	679	url	empty
20250202(17.35)	680	url	empty
20250202(17.35)	681	url	empty
20250202(17.36)	682	url	empty
20250202(17.36)	683	url	empty
20250202(17.36)	684	url	empty
20250202(17.36)	685	url	empty
20250202(17.36)	686	url	empty
20250202(17.37)	687	url	empty
20250202(17.37)	688	url	empty
20250202(17.37)	689	url	empty
20250202(17.37)	690	url	empty
20250202(17.37)	691	url	empty
20250202(17.38)	692	url	empty
20250202(17.38)	693	url	empty
20250202(17.38)	694	url	empty
20250202(17.38)	695	url	empty
20250202(17.38)	696	url	empty
20250202(17.38)	697	url	empty
20250202(17.38)	698	url	empty
20250202(17.38)	699	url	empty
20250202(17.39)	700	url	empty
20250202(17.39)	701	url	empty
20250202(17.39)	702	url	empty
20250202(17.39)	703	url	empty
20250202(17.39)	704	url	empty
20250202(17.39)	705	url	empty
20250202(17.39)	706	url	empty
20250202(17.40)	707	url	empty
20250202(17.40)	708	url	empty
20250202(17.40)	709	url	empty
20250202(17.40)	710	url	empty
20250202(17.40)	711	url	empty
20250202(17.40)	712	url	empty
20250202(17.40)	713	url	empty
20250202(17.40)	714	url	empty
20250202(17.41)	715	url	empty
20250202(17.41)	716	url	empty
20250202(17.41)	717	url	empty
20250202(17.42)	718	url	empty
20250202(17.42)	719	url	empty
20250202(17.42)	720	url	empty
20250202(17.42)	721	url	empty
20250202(17.43)	722	url	empty
20250202(17.43)	723	url	empty
20250202(17.43)	724	url	empty
20250202(17.44)	725	url	empty
20250202(17.44)	726	url	empty
20250202(17.44)	727	url	empty
20250202(17.44)	728	url	empty
20250202(17.44)	729	url	empty
20250202(17.44)	730	url	empty
20250202(17.44)	731	url	empty
20250202(17.45)	732	url	empty
20250202(17.45)	733	url	empty
20250202(17.45)	734	url	empty
20250202(17.45)	735	url	empty
20250202(17.45)	736	url	empty
20250202(17.45)	737	url	empty
20250202(17.46)	738	url	empty
20250202(17.46)	739	url	empty
20250202(17.46)	740	url	empty
20250202(17.46)	741	url	empty
20250202(17.47)	742	url	empty
20250202(17.47)	743	url	empty
20250202(17.47)	744	url	empty
20250202(17.47)	745	url	empty
20250202(17.47)	746	url	empty
20250202(17.48)	747	url	empty
20250202(17.48)	748	url	empty
20250202(17.48)	749	url	empty
20250202(17.48)	750	url	empty
20250202(17.48)	751	url	empty
20250202(17.48)	752	url	empty
20250202(17.48)	753	url	empty
20250202(17.49)	754	url	empty
20250202(17.49)	755	url	empty
20250202(17.49)	756	url	empty
20250202(17.49)	757	url	empty
20250202(17.49)	758	url	empty
20250202(17.50)	759	url	empty
20250202(17.50)	760	url	empty
20250202(17.50)	761	url	empty
20250202(17.50)	762	url	empty
20250202(17.50)	763	url	empty
20250202(17.51)	764	url	empty
20250202(17.51)	765	url	empty
20250202(17.51)	766	url	empty
20250202(17.51)	767	url	empty
20250202(17.51)	768	url	empty
20250202(17.51)	769	url	empty
20250202(17.51)	770	url	empty
20250202(17.51)	771	url	empty
20250202(17.52)	772	url	empty
20250202(17.52)	773	url	empty
20250202(17.52)	774	url	empty
20250202(17.52)	775	url	empty
20250202(17.52)	776	url	empty
20250202(17.52)	777	url	empty
20250202(17.52)	778	url	empty
20250202(17.52)	779	url	empty
20250202(17.52)	780	url	empty
20250202(17.52)	781	url	empty
20250202(17.52)	782	url	empty
20250202(17.53)	783	url	empty
20250202(17.53)	784	url	empty
20250202(17.53)	785	url	empty
20250202(17.53)	786	url	empty
20250202(17.53)	787	url	empty
20250202(17.54)	788	url	empty
20250202(17.54)	789	url	empty
20250202(17.54)	790	url	empty
20250202(17.54)	791	url	empty
20250202(17.54)	792	url	empty
20250202(17.54)	793	url	empty
20250202(17.55)	794	url	empty
20250202(17.55)	795	url	empty
20250202(17.55)	796	url	empty
20250202(17.55)	797	url	empty
20250202(17.55)	798	url	empty
20250202(17.56)	799	url	empty
20250202(17.56)	800	url	empty
20250202(17.56)	801	url	empty
20250202(17.56)	802	url	empty
20250202(17.57)	803	url	empty
20250202(17.57)	804	url	empty
20250202(17.57)	805	url	empty
20250202(17.57)	806	url	empty
20250202(17.57)	807	url	empty
20250202(17.57)	808	url	empty
20250202(17.57)	809	url	empty
20250202(17.58)	810	url	empty
20250202(17.58)	811	url	empty
20250202(17.58)	812	url	empty
20250202(17.59)	813	url	empty
20250202(17.59)	814	url	empty
20250202(17.59)	815	url	empty
20250202(18.00)	816	url	empty
20250202(18.00)	817	url	empty
20250202(18.00)	818	url	empty
20250202(18.00)	819	url	empty
20250202(18.01)	820	url	empty
20250202(18.01)	821	url	empty
20250202(18.01)	822	url	empty
20250202(18.01)	823	url	empty
20250202(18.01)	824	url	empty
20250202(18.01)	825	url	empty
20250202(18.01)	826	url	empty
20250202(18.02)	827	url	empty
20250202(18.02)	828	url	empty
20250202(18.02)	829	url	empty
20250202(18.02)	830	url	empty
20250202(18.02)	831	url	empty
20250202(18.03)	832	url	empty
20250202(18.03)	833	url	empty
20250202(18.03)	834	url	empty
20250202(18.04)	835	url	empty
20250202(18.04)	836	url	empty
20250202(18.04)	837	url	empty
20250202(18.04)	838	url	empty
20250202(18.04)	839	url	empty
20250202(18.04)	840	url	empty
20250202(18.04)	841	url	empty
20250202(18.04)	842	url	empty
20250202(18.05)	843	url	empty
20250202(18.05)	844	url	empty
20250202(18.05)	845	url	empty
20250202(18.05)	846	url	empty
20250202(18.06)	847	url	empty
20250202(18.06)	848	url	empty
20250202(18.06)	849	url	empty
20250202(18.06)	850	url	empty
20250202(18.06)	851	url	empty
20250202(18.07)	852	url	empty
20250202(18.07)	853	url	empty
20250202(18.07)	854	url	empty
20250202(18.07)	855	url	empty
20250202(18.07)	856	url	empty
20250202(18.08)	857	url	empty
20250202(18.08)	858	url	empty
20250202(18.08)	859	url	empty
20250202(18.08)	860	url	empty
20250202(18.08)	861	url	empty
20250202(18.09)	862	url	empty
20250202(18.09)	863	url	empty
20250202(18.09)	864	url	empty
20250202(18.09)	865	url	empty
20250202(18.10)	866	url	empty
20250202(18.10)	867	url	empty
20250202(18.10)	868	url	empty
20250202(18.10)	869	url	empty
20250202(18.11)	870	url	empty
20250202(18.11)	871	url	empty
20250202(18.11)	872	url	empty
20250202(18.11)	873	url	empty
20250202(18.11)	874	url	empty
20250202(18.12)	875	url	empty
20250202(18.12)	876	url	empty
20250202(18.12)	877	url	empty
20250202(18.12)	878	url	empty
20250202(18.12)	879	url	empty
20250202(18.13)	880	url	empty
20250202(18.13)	881	url	empty
20250202(18.13)	882	url	empty
20250202(18.14)	883	url	empty
20250202(18.14)	884	url	empty
20250202(18.14)	885	url	empty
20250202(18.14)	886	url	empty
20250202(18.14)	887	url	empty
20250202(18.15)	888	url	empty
20250202(18.15)	889	url	empty
20250202(18.15)	890	url	empty
20250202(18.15)	891	url	empty
20250202(18.16)	892	url	empty
20250202(18.16)	893	url	empty
20250202(18.16)	894	url	empty
20250202(18.16)	895	url	empty
20250202(18.17)	896	url	empty
20250202(18.17)	897	url	empty
20250202(18.17)	898	url	empty
20250202(18.18)	899	url	empty
20250202(18.18)	900	url	empty
20250202(18.18)	901	url	empty
20250202(18.18)	902	url	empty
20250202(18.18)	903	url	empty
20250202(18.18)	904	url	empty
20250202(18.19)	905	url	empty
20250202(18.19)	906	url	empty
20250202(18.19)	907	url	empty
20250202(18.20)	908	url	empty
20250202(18.20)	909	url	empty
20250202(18.20)	910	url	empty
20250202(18.20)	911	url	empty
20250202(18.20)	912	url	empty
20250202(18.20)	913	url	empty
20250202(18.20)	914	url	empty
20250202(18.21)	915	url	empty
20250202(18.21)	916	url	empty
20250202(18.21)	917	url	empty
20250202(18.21)	918	url	empty
20250202(18.21)	919	url	empty
20250202(18.22)	920	url	empty
20250202(18.22)	921	url	empty
20250202(18.22)	922	url	empty
20250202(18.22)	923	url	empty
20250202(18.22)	924	url	empty
20250202(18.22)	925	url	empty
20250202(18.23)	926	url	empty
20250202(18.23)	927	url	empty
20250202(18.23)	928	url	empty
20250202(18.23)	929	url	empty
20250202(18.24)	930	url	empty
20250202(18.24)	931	url	empty
20250202(18.24)	932	url	empty
20250202(18.25)	933	url	empty
20250202(18.25)	934	url	empty
20250202(18.25)	935	url	empty
20250202(18.25)	936	url	empty
20250202(18.25)	937	url	empty
20250202(18.26)	938	url	empty
20250202(18.26)	939	url	empty
20250202(18.26)	940	url	empty
20250202(18.26)	941	url	empty
20250202(18.27)	942	url	empty
20250202(18.27)	943	url	empty
20250202(18.27)	944	url	empty
20250202(18.27)	945	url	empty
20250202(18.28)	946	url	empty
20250202(18.28)	947	url	empty
20250202(18.28)	948	url	empty
20250202(18.28)	949	url	empty
20250202(18.29)	950	url	empty
20250202(18.29)	951	url	empty
20250202(18.29)	952	url	empty
20250202(18.29)	953	url	empty
20250202(18.30)	954	url	empty
20250202(18.30)	955	url	empty
20250202(18.30)	956	url	empty
20250202(18.30)	957	url	empty
20250202(18.30)	958	url	empty
20250202(18.30)	959	url	empty
20250202(18.31)	960	url	empty
20250202(18.31)	961	url	empty
20250202(18.31)	962	url	empty
20250202(18.31)	963	url	empty
20250202(18.31)	964	url	empty
20250202(18.32)	965	url	empty
20250202(18.32)	966	url	empty
20250202(18.32)	967	url	empty
20250202(18.33)	968	url	empty
20250202(18.33)	969	url	empty
20250202(18.33)	970	url	empty
20250202(18.33)	971	url	empty
20250202(18.33)	972	url	empty
20250202(18.33)	973	url	empty
20250202(18.34)	974	url	empty
20250202(18.34)	975	url	empty
20250202(18.34)	976	url	empty
20250202(18.35)	977	url	empty
20250202(18.35)	978	url	empty
20250202(18.35)	979	url	empty
20250202(18.36)	980	url	empty
20250202(18.36)	981	url	empty
20250202(18.36)	982	url	empty
20250202(18.36)	983	url	empty
20250202(18.37)	984	url	empty
20250202(18.37)	985	url	empty
20250202(18.37)	986	url	empty
20250202(18.37)	987	url	empty
20250202(18.38)	988	url	empty
20250202(18.38)	989	url	empty
20250202(18.38)	990	url	empty
20250202(18.38)	991	url	empty
20250202(18.38)	992	url	empty
